ronde,datum,thuis,uit,kans_thuis,kans_gelijk,kans_uit,verwacht_thuis,verwacht_uit,soort
8,"zaterdag 10 oktober 2026, 21:00",Ajax,NEC,71,15,14,2,1,regulier
8,"zondag 11 oktober 2026, 16:45",Excelsior,FC Groningen,39,23,38,1,1,regulier
8,"zondag 11 oktober 2026, 12:15",FC Utrecht,Willem II,64,18,18,2,1,regulier
8,"zaterdag 10 oktober 2026, 18:45",Feyenoord,AZ,52,21,27,1,1,regulier
8,"zaterdag 10 oktober 2026, 20:00",Fortuna Sittard,FC Twente,17,16,67,1,2,regulier
8,"zaterdag 10 oktober 2026, 16:30",Go Ahead Eagles,Sparta Rotterdam,54,21,25,1,1,regulier
8,"zondag 11 oktober 2026, 14:30",PEC Zwolle,SC Cambuur,49,22,29,1,1,regulier
8,"vrijdag 9 oktober 2026, 20:00",PSV,sc Heerenveen,74,14,12,3,1,regulier
8,"zondag 11 oktober 2026, 14:30",Telstar,ADO Den Haag,47,23,30,1,1,regulier
9,"zaterdag 17 oktober 2026, 16:30",ADO Den Haag,PSV,17,21,62,1,2,regulier
9,"zondag 18 oktober 2026, 16:45",FC Groningen,Ajax,29,25,46,1,1,regulier
9,"zondag 18 oktober 2026, 20:00",FC Twente,FC Utrecht,51,24,25,1,1,regulier
9,"zondag 18 oktober 2026, 20:00",NEC,Fortuna Sittard,59,22,19,1,1,regulier
9,"zondag 18 oktober 2026, 12:15",PEC Zwolle,Go Ahead Eagles,32,25,43,1,1,regulier
9,"zondag 18 oktober 2026, 14:30",SC Cambuur,AZ,28,22,50,1,2,regulier
9,"vrijdag 16 oktober 2026, 20:00",sc Heerenveen,Excelsior,47,24,29,1,1,regulier
9,"zaterdag 17 oktober 2026, 21:00",Sparta Rotterdam,Willem II,49,24,27,1,1,regulier
9,"zaterdag 17 oktober 2026, 20:00",Telstar,Feyenoord,21,23,56,1,1,regulier
10,"zaterdag 24 oktober 2026, 21:00",ADO Den Haag,sc Heerenveen,41,25,34,1,1,regulier
10,"zondag 25 oktober 2026, 20:00",AZ,FC Twente,40,25,35,1,1,regulier
10,"zaterdag 24 oktober 2026, 16:30",FC Utrecht,PEC Zwolle,54,23,23,1,1,regulier
10,"zondag 25 oktober 2026, 12:15",Fortuna Sittard,Excelsior,43,25,32,1,1,regulier
10,"vrijdag 23 oktober 2026, 20:00",Go Ahead Eagles,Telstar,44,25,31,1,1,regulier
10,"zondag 25 oktober 2026, 14:30",NEC,FC Groningen,50,24,26,1,1,regulier
10,"zondag 25 oktober 2026, 14:30",PSV,Feyenoord,50,24,26,1,1,regulier
10,"zondag 25 oktober 2026, 16:45",Sparta Rotterdam,Ajax,24,23,53,1,1,regulier
10,"zaterdag 24 oktober 2026, 18:45",Willem II,SC Cambuur,43,25,32,1,1,regulier
11,"zaterdag 31 oktober 2026, 21:00",Ajax,AZ,54,23,23,1,1,regulier
11,"zondag 1 november 2026, 14:30",Excelsior,FC Twente,27,24,49,1,1,regulier
11,"zondag 1 november 2026, 16:45",FC Groningen,Sparta Rotterdam,50,24,26,1,1,regulier
11,"zaterdag 31 oktober 2026, 16:30",Feyenoord,Fortuna Sittard,70,18,12,2,1,regulier
11,"zondag 1 november 2026, 12:15",PEC Zwolle,ADO Den Haag,45,25,30,1,1,regulier
11,"zaterdag 31 oktober 2026, 18:45",PSV,Willem II,76,15,9,2,0,regulier
11,"zaterdag 31 oktober 2026, 21:00",SC Cambuur,Go Ahead Eagles,42,25,33,1,1,regulier
11,"zaterdag 31 oktober 2026, 18:45",sc Heerenveen,NEC,33,25,42,1,1,regulier
11,"zondag 1 november 2026, 14:30",Telstar,FC Utrecht,33,25,42,1,1,regulier
12,"zaterdag 7 november 2026, 18:45",ADO Den Haag,Sparta Rotterdam,41,25,34,1,1,regulier
12,"zondag 8 november 2026, 16:45",AZ,FC Groningen,50,24,26,1,1,regulier
12,"zaterdag 7 november 2026, 21:00",Excelsior,Go Ahead Eagles,44,25,31,1,1,regulier
12,"zondag 8 november 2026, 14:30",FC Twente,Ajax,38,25,37,1,1,regulier
12,"zondag 8 november 2026, 20:00",FC Utrecht,NEC,41,25,34,1,1,regulier
12,"zaterdag 7 november 2026, 16:30",Fortuna Sittard,Telstar,43,25,32,1,1,regulier
12,"zondag 8 november 2026, 16:45",SC Cambuur,PSV,16,20,64,1,2,regulier
12,"zondag 8 november 2026, 12:15",sc Heerenveen,Feyenoord,23,23,54,1,1,regulier
12,"vrijdag 6 november 2026, 20:00",Willem II,PEC Zwolle,41,25,34,1,1,regulier
13,"zondag 22 november 2026, 14:30",Ajax,ADO Den Haag,68,19,13,2,1,regulier
13,"zaterdag 21 november 2026, 21:00",FC Groningen,sc Heerenveen,50,24,26,1,1,regulier
13,"zondag 22 november 2026, 12:15",FC Twente,Willem II,65,20,15,2,1,regulier
13,"zaterdag 21 november 2026, 18:45",FC Utrecht,SC Cambuur,57,22,21,1,1,regulier
13,"zaterdag 21 november 2026, 18:45",Feyenoord,Excelsior,69,18,13,2,1,regulier
13,"zondag 22 november 2026, 16:45",Go Ahead Eagles,Fortuna Sittard,44,25,31,1,1,regulier
13,"zaterdag 21 november 2026, 16:30",NEC,PSV,28,24,48,1,1,regulier
13,"zondag 22 november 2026, 14:30",Sparta Rotterdam,AZ,32,25,43,1,1,regulier
13,"zaterdag 21 november 2026, 21:00",Telstar,PEC Zwolle,43,25,32,1,1,regulier
14,"zondag 29 november 2026, 12:15",ADO Den Haag,FC Utrecht,33,25,42,1,1,regulier
14,"zaterdag 28 november 2026, 16:30",Excelsior,Telstar,44,25,31,1,1,regulier
14,"vrijdag 27 november 2026, 20:00",FC Groningen,Willem II,55,23,22,1,1,regulier
14,"zondag 29 november 2026, 14:30",Feyenoord,Ajax,45,25,30,1,1,regulier
14,"zondag 29 november 2026, 14:30",Fortuna Sittard,sc Heerenveen,41,25,34,1,1,regulier
14,"zondag 29 november 2026, 20:00",NEC,FC Twente,40,25,35,1,1,regulier
14,"zondag 29 november 2026, 16:45",PEC Zwolle,AZ,31,25,44,1,1,regulier
14,"zaterdag 28 november 2026, 18:45",PSV,Go Ahead Eagles,74,16,10,2,0,regulier
14,"zaterdag 28 november 2026, 21:00",SC Cambuur,Sparta Rotterdam,40,25,35,1,1,regulier
15,"zondag 6 december 2026, 16:45",ADO Den Haag,Excelsior,43,25,32,1,1,regulier
15,"zondag 6 december 2026, 14:30",Ajax,FC Utrecht,57,22,21,1,1,regulier
15,"zaterdag 5 december 2026, 20:00",AZ,PSV,28,24,48,1,1,regulier
15,"zaterdag 5 december 2026, 21:00",Fortuna Sittard,PEC Zwolle,43,25,32,1,1,regulier
15,"zondag 6 december 2026, 14:30",Go Ahead Eagles,FC Twente,27,24,49,1,1,regulier
15,"zondag 6 december 2026, 12:15",sc Heerenveen,SC Cambuur,49,24,27,1,1,regulier
15,"zaterdag 5 december 2026, 18:45",Sparta Rotterdam,NEC,32,25,43,1,1,regulier
15,"vrijdag 4 december 2026, 20:00",Telstar,FC Groningen,36,25,39,1,1,regulier
15,"zaterdag 5 december 2026, 16:30",Willem II,Feyenoord,19,22,59,1,1,regulier
